"AverageShortestPathLength","BetweennessCentrality","ClosenessCentrality","ClusteringCoefficient","Degree","degree.layout","Eccentricity","IsSingleNode","kmeans","MCODE_Cluster","MCODE_Node_Status","MCODE_Score","name","NeighborhoodConnectivity","NumberOfDirectedEdges","NumberOfUndirectedEdges","Ortholog","PartnerOfMultiEdgedNodePairs","Radiality","selected","SelfLoops","shared name","Stress","TopologicalCoefficient","X_Code"
"3.1370262390670556","0.0","0.3187732342007435","0.0","1",,"6","false","Cluster 5","","Unclustered","0.0","TpnC47D","40.0","0","1","Human","0","0.9729490349485183","false","0","TpnC47D","0","0.0",""
"2.4693877551020407","0.005624287963753264","0.40495867768595045","0.5346901017576319","47","47","5","false","","Cluster 2","Clustered","20.229885057471265","Ipo9","40.91489361702128","0","47",,"0","0.9814001549987083","false","0","Ipo9","12592","0.25895502289253974",""
"2.478134110787172","0.0019843635745680085","0.40352941176470586","0.7056451612903226","32","32","5","false","","Cluster 2","Clustered","17.606666666666666","Rab2","45.84375","0","32","Human","0","0.9812894416356055","false","0","Rab2","4464","0.27451347305389223",""
"2.9183673469387754","0.0","0.34265734265734266","1.0","7","7","5","false","","Cluster 5","Clustered","7.0","UQCR-14","23.857142857142858","0","7","Human","0","0.9757168690260914","false","0","UQCR-14","0","0.231622746185853",""
"2.8746355685131197","0.006404460953713944","0.3478701825557809","0.13333333333333333","6",,"5","false","Cluster 5","","Unclustered","1.6666666666666667","Tm1","19.833333333333332","0","6","Human","0","0.9762704358416061","false","0","Tm1","4526","0.24166666666666667","Male"
"2.454810495626822","0.006151313789438036","0.40736342042755347","0.6979591836734694","50","50","5","false","","Cluster 1","Clustered","29.00900900900901","Df31","41.54","0","50",,"0","0.9815846772705467","false","0","Df31","17496","0.26125786163522013",""
"2.8950437317784257","0.004096089627662468","0.34541792547834843","0.23809523809523808","7",,"5","false","","","Unclustered","3.0","Wwox","28.571428571428573","0","7","Human","0","0.9760121046610325","false","0","Wwox","5516","0.2814710042432815",""
"2.507288629737609","0.009681372234238738","0.39883720930232563","0.3353846153846154","26",,"5","false","","","Unclustered","6.75","S6k","34.53846153846154","0","26","Human","0","0.9809203970919289","false","0","S6k","15118","0.19849690539345713",""
"2.3352769679300294","0.007316365523693912","0.42821473158551804","0.685374149659864","49","49","5","false","","Cluster 1","Clustered","29.00900900900901","Pdi","42.6530612244898","0","49","Human","0","0.9830977598996199","false","0","Pdi","15954","0.22100031722533572","Male"
"2.685131195335277","0.0010824475274222541","0.3724212812160695","0.7748917748917749","22","22","5","false","","Cluster 3","Clustered","12.526315789473685","Yp2","30.454545454545453","0","22","Human","0","0.9786692253755028","false","0","Yp2","2972","0.23792613636363635",""
"2.760932944606414","4.3012595209510505E-5","0.36219640971488914","0.9420289855072463","24",,"5","false","","","Unclustered","19.913419913419915","Trxr1","46.833333333333336","0","24","Human","0","0.9777097095619441","false","0","Trxr1","258","0.477891156462585",""
"2.825072886297376","3.523627004964961E-4","0.3539731682146543","0.6794871794871795","13",,"5","false","Cluster 5","","Unclustered","8.0","TpnC4","33.92307692307692","0","13","Human","0","0.976897811565856","false","0","TpnC4","742","0.34615384615384615","Female"
"2.690962099125364","2.4291304528856889E-4","0.371614301191766","0.8260869565217391","23","23","5","false","Cluster 5","Cluster 2","Clustered","17.905263157894737","TpnC41C","37.04347826086956","0","23","Human","0","0.9785954164667676","false","0","TpnC41C","698","0.29873772791023845",""
"2.5714285714285716","0.003485151161295398","0.38888888888888884","0.5471014492753623","24","24","5","false","","Cluster 2","Clustered","13.0","GstS1","33.75","0","24","Human","0","0.9801084990958409","false","0","GstS1","6064","0.20833333333333334","Female"
"2.7755102040816326","3.386340036864006E-4","0.3602941176470588","0.7142857142857143","21","21","5","false","","Cluster 4","Clustered","11.399999999999999","Surf4","42.23809523809524","0","21","Human","0","0.977525187290106","false","0","Surf4","1614","0.3274270948689553",""
"2.941690962099125","0.0","0.3399405351833499","1.0","11","11","5","false","","Cluster 4","Clustered","11.0","Cpr78E","24.636363636363637","0","11",,"0","0.9754216333911503","false","0","Cpr78E","0","0.2968236582694414",""
"2.116618075801749","0.03963322382048745","0.4724517906336088","0.3209941829719725","62","62","5","false","","Cluster 2","Clustered","17.905263157894737","Gpdh1","29.080645161290324","0","62","Human","0","0.985865593977193","false","0","Gpdh1","57686","0.11397849462365592","Female"
"4.131195335276968","0.0","0.24206069160197602","1.0","2",,"6","false","Cluster 5","","Unclustered","2.0","AdamTS-A","5.5","0","2","Human","0","0.9603646160091522","false","0","AdamTS-A","0","0.6111111111111112","Male"
"2.5918367346938775","4.190811992861634E-4","0.3858267716535433","0.8319238900634249","44","44","5","false","","Cluster 1","Clustered","29.67914438502674","CG14715","44.20454545454545","0","44","Human","0","0.9798501679152675","false","0","CG14715","2034","0.3508297258297258",""
"3.163265306122449","2.4293103931574084E-5","0.3161290322580645","0.0","3",,"6","false","Cluster 5","","Unclustered","0.5","c12.1","23.333333333333332","0","3","Human","0","0.9726168948592094","false","0","c12.1","50","0.43790849673202614",""
"2.247813411078717","0.023343265299300822","0.4448767833981842","0.632996632996633","55","55","5","false","","Cluster 1","Clustered","29.00900900900901","AnxB10","41.78181818181818","0","55","Human","0","0.9842048935306491","false","0","AnxB10","26400","0.18983471074380165",""
"2.7142857142857144","0.007087436337703954","0.3684210526315789","0.13333333333333333","6",,"5","false","","","Unclustered","1.2","Seipin","34.0","0","6","Human","0","0.9783001808318265","false","0","Seipin","6098","0.22444444444444445",""
"2.717201166180758","3.13753260962189E-5","0.3680257510729614","0.9556650246305419","29","29","6","false","","Cluster 1","Clustered","25.0","EndoGI","47.86206896551724","0","29",,"0","0.9782632763774588","false","0","EndoGI","212","0.41984271022383546",""
"2.43731778425656","0.0028543550932902343","0.4102870813397129","0.5858843537414966","49","49","5","false","","Cluster 2","Clustered","19.375","MRP","41.97959183673469","0","49","Human","0","0.9818061039967524","false","0","MRP","10550","0.254421768707483",""
"2.376093294460641","0.0044601687000815175","0.4208588957055215","0.7197039777983348","47","47","5","false","","Cluster 1","Clustered","29.394957983193276","Uch","43.361702127659576","0","47","Human","0","0.9825810975384729","false","0","Uch","11220","0.23566142460684553",""
"2.4693877551020407","0.019547004587360996","0.40495867768595045","0.16842105263157894","20",,"4","false","","","Unclustered","3.2222222222222223","Rab11","30.05","0","20","Human","0","0.9814001549987083","false","0","Rab11","23312","0.17085714285714285",""
"2.7434402332361514","0.008460210284816645","0.36450584484590864","0.6691176470588235","17","17","5","false","","Cluster 2","Clustered","14.0","Cyt-c-p","36.94117647058823","0","17","Human","0","0.9779311362881499","false","0","Cyt-c-p","14418","0.35014005602240894",""
"2.5918367346938775","3.167564685963861E-4","0.3858267716535433","0.846723044397463","44","44","5","false","","Cluster 1","Clustered","29.00900900900901","CG2852","44.0","0","44","Human","0","0.9798501679152675","false","0","CG2852","1878","0.3464566929133858",""
"2.311953352769679","0.017706058368707145","0.4325346784363178","0.6436058700209644","54","54","5","false","","Cluster 1","Clustered","29.00900900900901","awd","41.666666666666664","0","54","Human","0","0.983392995534561","false","0","awd","27204","0.2123015873015873",""
"3.271137026239067","0.005940426333891627","0.3057040998217469","0.0","3",,"6","false","Cluster 5","","Unclustered","0.5","Pu","20.0","0","3","Human","0","0.9712514300476068","false","0","Pu","6344","0.3392857142857143",""
"2.4518950437317786","0.005809011663357519","0.4078478002378121","0.6051051051051051","37","37","5","false","","Cluster 2","Clustered","16.519704433497537","Arf1","43.45945945945946","0","37","Human","0","0.9816215817249142","false","0","Arf1","10156","0.2618039726473461",""
"3.696793002915452","0.0","0.2705047318611987","1.0","3",,"7","false","Cluster 5","Cluster 7","Clustered","3.0","Non3","14.333333333333334","0","3","Human","0","0.965863379709931","false","0","Non3","0","0.5512820512820513",""
"2.8513119533527695","0.0019337950295462525","0.3507157464212679","0.9502133712660028","38","38","5","false","","Cluster 1","Clustered","37.0","ND-24","37.473684210526315","0","38","Human","0","0.9765656714765473","false","0","ND-24","2512","0.48043184885290147",""
"2.676384839650146","0.0011807866829121516","0.3736383442265795","0.7549407114624506","23","23","5","false","Cluster 5","Cluster 3","Clustered","12.526315789473685","CG5500","29.91304347826087","0","23","Human","0","0.9787799387386058","false","0","CG5500","3218","0.23010033444816053",""
"2.685131195335277","0.0010824475274222541","0.3724212812160695","0.7748917748917749","22","22","5","false","","Cluster 3","Clustered","12.526315789473685","CG31343","30.454545454545453","0","22","Human","0","0.9786692253755028","false","0","CG31343","2972","0.23792613636363635",""
"2.4198250728862973","0.003001313245379035","0.41325301204819276","0.5870827285921626","53","53","5","false","","Cluster 2","Clustered","16.323366555924697","ScsbetaG","41.75471698113208","0","53","Human","0","0.9820275307229582","false","0","ScsbetaG","9590","0.2593460682057893",""
"2.4110787172011663","0.0023681743973853766","0.4147521160822249","0.7739130434782608","46","46","5","false","","Cluster 1","Clustered","29.00900900900901","Gtpx","44.71739130434783","0","46","Human","0","0.9821382440860612","false","0","Gtpx","8976","0.2526406288381233",""
"2.696793002915452","0.012284660901318922","0.3708108108108108","0.6047430830039525","23","23","5","false","","Cluster 4","Clustered","10.456140350877194","Gale","42.0","0","23","Human","0","0.9785216075580322","false","0","Gale","20228","0.35556374355195286",""
"3.688046647230321","0.0058309037900874635","0.2711462450592885","0.0","2",,"6","false","Cluster 5","","Unclustered","0.6666666666666666","Galt","12.0","0","2","Human","0","0.965974093073034","false","0","Galt","9308","0.5",""
"3.282798833819242","4.6573971986936904E-4","0.3046181172291296","0.5","4",,"6","false","Cluster 5","","Unclustered","3.0","PPO2","21.0","0","4",,"0","0.9711038122301362","false","0","PPO2","436","0.48255813953488375",""
"2.5160349854227406","0.0014274790750854996","0.3974507531865585","0.6353077816492451","42","42","5","false","","Cluster 2","Clustered","21.052307692307693","Kr-h2","44.04761904761905","0","42","Human","0","0.9808096837288262","false","0","Kr-h2","5580","0.2976190476190476",""
"2.991253644314869","0.001642530890111928","0.33430799220272905","0.5555555555555556","9","9","6","false","","Cluster 6","Clustered","2.577777777777778","Acp1","22.88888888888889","0","9",,"0","0.9747942576669004","false","0","Acp1","3744","0.326984126984127",""
"4.556851311953353","0.0","0.21944977607165705","0.0","1",,"7","false","Cluster 5","","Unclustered","0.0","CG7766","2.0","0","1","Human","0","0.9549765656714766","false","0","CG7766","0","0.0","Female"
"3.673469387755102","0.0","0.2722222222222222","0.0","1",,"6","false","Cluster 5","","Unclustered","0.0","mRpL22","13.0","0","1","Human","0","0.9661586153448721","false","0","mRpL22","0","0.0",""
"2.553935860058309","9.391833232255544E-4","0.3915525114155251","0.707641196013289","43","43","5","false","","Cluster 2","Clustered","20.92258064516129","Pp2A-29B","44.86046511627907","0","43","Human","0","0.9803299258220468","false","0","Pp2A-29B","3526","0.3298563611491108",""
"3.119533527696793","3.772263940895361E-5","0.3205607476635514","0.3333333333333333","4",,"6","false","Cluster 5","","Unclustered","1.6666666666666667","Act87E","27.0","0","4","Human","0","0.9731704616747242","false","0","Act87E","38","0.32228915662650603",""
"3.7230320699708455","0.0","0.26859827721221613","0.0","1",,"6","false","Cluster 5","","Unclustered","0.0","ras","6.0","0","1","Human","0","0.9655312396206223","false","0","ras","0","0.0",""
"3.673469387755102","0.0","0.2722222222222222","0.0","1",,"6","false","Cluster 5","","Unclustered","0.0","ND-B8","13.0","0","1","Human","0","0.9661586153448721","false","0","ND-B8","0","0.0",""
"2.2361516034985423","0.02750535362667335","0.4471968709256845","0.4690185436454093","67","67","5","false","Cluster 5","Cluster 1","Clustered","29.00900900900901","Mdh2","41.71641791044776","0","67","Human","0","0.9843525113481197","false","0","Mdh2","49944","0.19864960909737028",""
"2.3323615160349855","0.011626185354658708","0.42874999999999996","0.45897435897435895","40","40","5","false","","Cluster 2","Clustered","17.905263157894737","Cs1","36.2","0","40","Human","0","0.9831346643539877","false","0","Cs1","19826","0.16904205607476636",""
"2.262390670553936","0.01622705215796701","0.4420103092783505","0.5245901639344263","62","62","5","false","Cluster 5","Cluster 1","Clustered","29.00900900900901","Eno","42.67741935483871","0","62","Human","0","0.9840203712588109","false","0","Eno","38374","0.2071719386157219",""
"2.8629737609329444","1.4544858790560158E-5","0.3492871690427699","0.9714285714285714","21",,"6","false","Cluster 5","","Unclustered","19.0","CG8993","47.38095238095238","0","21","Human","0","0.9764180536590766","false","0","CG8993","78","0.5264550264550265",""
"3.5597667638483963","0.005830903790087464","0.2809172809172809","0.0","2",,"6","false","Cluster 5","","Unclustered","0.6666666666666666","CG8475","18.0","0","2","Human","0","0.9675978890652102","false","0","CG8475","7258","0.5",""
"2.848396501457726","2.0684750744115113E-4","0.3510747185261003","0.7582417582417582","14",,"5","false","","","Unclustered","9.848484848484848","Obp56d","35.857142857142854","0","14",,"0","0.9766025759309148","false","0","Obp56d","466","0.3984126984126984",""
"3.673469387755102","0.0","0.2722222222222222","0.0","1",,"6","false","Cluster 5","","Unclustered","0.0","COX7C","13.0","0","1","Human","0","0.9661586153448721","false","0","COX7C","0","0.0","Female"
"2.314868804664723","0.009968832155734676","0.43198992443324935","0.48333333333333334","40","40","5","false","","Cluster 2","Clustered","18.0","mAcon1","33.925","0","40","Human","0","0.9833560910801933","false","0","mAcon1","21420","0.15561926605504586",""
"2.2099125364431487","0.025527588684042726","0.4525065963060686","0.5484848484848485","45","45","4","false","","Cluster 2","Clustered","18.15483870967742","Ldh","42.86666666666667","0","45","Human","0","0.9846846514374286","false","0","Ldh","33508","0.18231678486997635",""
"3.510204081632653","0.0","0.28488372093023256","0.0","1",,"6","false","Cluster 5","","Unclustered","0.0","NHP2","22.0","0","1","Human","0","0.9682252647894601","false","0","NHP2","0","0.0",""
"2.478134110787172","0.008392996099957578","0.40352941176470586","0.5087719298245614","19","19","5","false","","Cluster 3","Clustered","10.637362637362637","Fer1HCH","29.68421052631579","0","19","Human","0","0.9812894416356055","false","0","Fer1HCH","10650","0.1622088006902502",""
"2.498542274052478","0.013736279889175512","0.4002333722287048","0.5435606060606061","33","33","5","false","","Cluster 2","Clustered","13.76","Rab1","40.03030303030303","0","33","Human","0","0.9810311104550319","false","0","Rab1","18930","0.25602175602175603",""
"2.7142857142857144","8.627299514088172E-4","0.3684210526315789","0.65","16","16","5","false","Cluster 5","Cluster 4","Clustered","11.0","ATPsynD","23.6875","0","16","Human","0","0.9783001808318265","false","0","ATPsynD","3232","0.2007415254237288","Male"
"2.746355685131195","6.50150527323808E-5","0.36411889596602975","0.9233870967741935","32","32","5","false","","Cluster 1","Clustered","28.0","Trx2","45.59375","0","32","Human","0","0.9778942318337823","false","0","Trx2","378","0.47003865979381443",""
"2.379008746355685","0.012756817111543537","0.42034313725490197","0.36989247311827955","31","31","5","false","Cluster 5","Cluster 4","Clustered","11.0","ATPsynF","29.419354838709676","0","31","Human","0","0.9825441930841053","false","0","ATPsynF","23948","0.14858260019550343",""
"2.9037900874635567","1.4398579875369536E-5","0.34437751004016065","0.9102564102564102","13",,"6","false","Cluster 5","","Unclustered","11.0","CG7409","34.46153846153846","0","13","Human","0","0.9759013912979296","false","0","CG7409","32","0.4307692307692308",""
"3.1341107871720117","0.0","0.31906976744186044","1.0","6",,"5","false","","Cluster 8","Clustered","6.0","pippin","23.833333333333332","0","6","Human","0","0.972985939402886","false","0","pippin","0","0.449685534591195",""
"2.80466472303207","4.752864881735334E-4","0.35654885654885654","0.42857142857142855","7",,"5","false","Cluster 5","","Unclustered","4.0","Gapdh1","44.42857142857143","0","7","Human","0","0.9771561427464294","false","0","Gapdh1","722","0.37334933973589435",""
"3.3206997084548107","4.175782466800629E-5","0.30114135206321335","0.6666666666666666","3",,"6","false","Cluster 5","","Unclustered","1.6666666666666667","Col4a1","11.333333333333334","0","3","Human","0","0.9706240543233569","false","0","Col4a1","98","0.39080459770114945",""
"3.250728862973761","0.004780913354477429","0.3076233183856502","0.26666666666666666","6",,"6","false","Cluster 5","","Unclustered","0.9523809523809523","vkg","11.666666666666666","0","6","Human","0","0.9715097612281802","false","0","vkg","6938","0.2777777777777778",""
"2.7259475218658893","0.01249981241531189","0.36684491978609624","0.06666666666666667","6",,"5","false","","","Unclustered","2.0","pbl","22.166666666666668","0","6","Human","0","0.9781525630143558","false","0","pbl","8240","0.17768595041322313",""
"2.5481049562682214","8.359760294383747E-4","0.39244851258581237","0.8367071524966262","39","39","5","false","","Cluster 1","Clustered","30.0","Fkbp12","45.15384615384615","0","39","Human","0","0.980403734730782","false","0","Fkbp12","2560","0.3179848320693391",""
"3.0495626822157433","9.751692736185498E-4","0.32791586998087957","0.5357142857142857","8","8","6","false","Cluster 5","Cluster 6","Clustered","3.7333333333333334","CG7203","19.0","0","8",,"0","0.9740561685795477","false","0","CG7203","1872","0.3064516129032258","Male"
"2.1370262390670556","0.049796502912674435","0.46793997271487037","0.3720844131803036","74","74","5","false","Cluster 5","Cluster 2","Clustered","17.24363233665559","SERCA","36.972972972972975","0","74","Human","0","0.9856072627966196","false","0","SERCA","73000","0.16216216216216217",""
"2.5247813411078717","0.00327127916128352","0.3960739030023095","0.655241935483871","32","32","5","false","","Cluster 2","Clustered","14.96","Kdsr","45.09375","0","32","Human","0","0.9806989703657232","false","0","Kdsr","6588","0.2986341059602649",""
"2.7988338192419824","7.157247868022635E-4","0.3572916666666667","0.7857142857142857","8","8","5","false","Cluster 5","Cluster 5","Clustered","7.0","UQCR-11","22.375","0","8","Human","0","0.9772299516551648","false","0","UQCR-11","1274","0.20157657657657657",""
"3.2244897959183674","0.002667938677611417","0.310126582278481","0.4666666666666667","6",,"5","false","Cluster 5","Cluster 7","Seed","4.0","aos","16.166666666666668","0","6",,"0","0.9718419013174889","false","0","aos","5446","0.27586206896551724",""
"2.4723032069970845","0.0026679340803738294","0.4044811320754717","0.726530612244898","50","50","5","false","","Cluster 1","Clustered","29.00900900900901","Prx6c","42.44","0","50",,"0","0.9813632505443407","false","0","Prx6c","8194","0.27738562091503266",""
"2.676384839650146","0.0011807866829121516","0.3736383442265795","0.7549407114624506","23","23","5","false","","Cluster 3","Clustered","12.526315789473685","CG16826","29.91304347826087","0","23",,"0","0.9787799387386058","false","0","CG16826","3218","0.23010033444816053","Female"
"2.7988338192419824","0.0017984223891673408","0.3572916666666667","0.4666666666666667","10","10","5","false","Cluster 5","Cluster 5","Clustered","7.0","UQCR-C1","20.1","0","10","Human","0","0.9772299516551648","false","0","UQCR-C1","1854","0.17217391304347826",""
"3.4285714285714284","0.0","0.2916666666666667","1.0","2",,"6","false","Cluster 5","","Unclustered","2.0","CG11771","49.0","0","2","Human","0","0.969258589511754","false","0","CG11771","0","0.9245283018867925",""
"2.5597667638483963","0.0010685951449991946","0.39066059225512534","0.8305647840531561","43","43","5","false","","Cluster 1","Clustered","29.238095238095237","scu","44.81395348837209","0","43","Human","0","0.9802561169133114","false","0","scu","3020","0.3319552110249785",""
"3.740524781341108","0.0","0.2673421667965705","0.0","1",,"6","false","Cluster 5","","Unclustered","0.0","CG7148","17.0","0","1",,"0","0.9653098128944163","false","0","CG7148","0","0.0",""
"2.3556851311953353","0.005344417944687741","0.4245049504950495","0.49974398361495137","63","63","5","false","","Cluster 2","Clustered","17.24363233665559","Mec2","39.04761904761905","0","63","Human","0","0.9828394287190465","false","0","Mec2","14510","0.22570878062207542",""
"2.3352769679300294","0.007870522774148053","0.42821473158551804","0.5043859649122807","57","57","5","false","","Cluster 2","Clustered","21.357142857142858","Chc","40.0","0","57","Human","0","0.9830977598996199","false","0","Chc","21256","0.22099447513812154",""
"3.119533527696793","0.001523238305800354","0.3205607476635514","0.7222222222222222","9",,"6","false","Cluster 5","","Unclustered","7.0","CG2767","39.44444444444444","0","9","Human","0","0.9731704616747242","false","0","CG2767","1704","0.5959595959595959",""
"2.5714285714285716","6.213904753334819E-4","0.38888888888888884","0.7222222222222222","28","28","5","false","","Cluster 4","Clustered","12.7","KdelR","44.5","0","28","Human","0","0.9801084990958409","false","0","KdelR","1966","0.3111888111888112",""
"2.4606413994169096","0.002173893024355219","0.40639810426540285","0.5765199161425576","54","54","5","false","","Cluster 2","Clustered","16.323366555924697","spidey","41.148148148148145","0","54","Human","0","0.9815108683618112","false","0","spidey","7852","0.27250429237184204",""
"3.1341107871720117","0.0","0.31906976744186044","1.0","6",,"5","false","","Cluster 8","Clustered","6.0","CG12170","23.833333333333332","0","6","Human","0","0.972985939402886","false","0","CG12170","0","0.449685534591195",""
"2.825072886297376","0.0035906804365263643","0.3539731682146543","0.48717948717948717","13",,"5","false","","","Unclustered","8.0","osk","27.384615384615383","0","13",,"0","0.976897811565856","false","0","osk","4506","0.31663685152057247",""
"2.7988338192419824","1.7810779702281555E-4","0.3572916666666667","0.738562091503268","18","18","5","false","Cluster 5","Cluster 4","Clustered","10.395604395604396","CG2070","42.111111111111114","0","18","Human","0","0.9772299516551648","false","0","CG2070","468","0.3451730418943534",""
"2.6705539358600583","0.0035166182745622145","0.37445414847161573","0.5268817204301075","31","31","5","false","","Cluster 2","Clustered","14.0","Fer2LCH","29.70967741935484","0","31","Human","0","0.978853747647341","false","0","Fer2LCH","8252","0.24154209284028325",""
"2.568513119533528","0.0014800891145015694","0.3893303064699205","0.683982683982684","22","22","5","false","Cluster 5","Cluster 2","Clustered","15.0","Gdh","36.81818181818182","0","22","Human","0","0.9801454035502084","false","0","Gdh","3628","0.23451071221771858",""
"2.941690962099125","0.0","0.3399405351833499","1.0","11","11","5","false","Cluster 5","Cluster 4","Clustered","11.0","ATPsynG","24.636363636363637","0","11","Human","0","0.9754216333911503","false","0","ATPsynG","0","0.2968236582694414",""
"2.941690962099125","0.0","0.3399405351833499","1.0","37","37","5","false","","Cluster 1","Clustered","37.0","NdufA3","38.16216216216216","0","37",,"0","0.9754216333911503","false","0","NdufA3","0","0.5530748139443792",""
"3.058309037900875","0.0","0.32697807435653004","1.0","13","13","5","false","","Cluster 2","Clustered","13.0","COX6B","17.53846153846154","0","13","Human","0","0.9739454552164447","false","0","COX6B","0","0.3076923076923077",""
"2.262390670553936","0.020745833458657072","0.4420103092783505","0.5314625850340136","49","49","4","false","","Cluster 2","Clustered","18.413445378151263","Idh3a","42.816326530612244","0","49","Human","0","0.9840203712588109","false","0","Idh3a","36000","0.19822373393801965",""
"2.8542274052478134","4.892138201812947E-4","0.3503575076608785","0.5955882352941176","17","17","5","false","","Cluster 3","Clustered","9.0","Nplp2","30.470588235294116","0","17",,"0","0.9765287670221796","false","0","Nplp2","1024","0.35847750865051903",""
"2.638483965014577","0.0021281370321608044","0.3790055248618785","0.6368421052631579","20","20","5","false","Cluster 5","Cluster 2","Clustered","13.0","Act88F","34.8","0","20","Human","0","0.9792596966453851","false","0","Act88F","4368","0.24",""
"2.7871720116618075","0.004343887563193152","0.3587866108786611","0.46842105263157896","20","20","5","false","Cluster 5","Cluster 2","Clustered","13.0","COX5A","17.45","0","20","Human","0","0.9773775694726353","false","0","COX5A","5486","0.17626262626262626",""
"3.061224489795918","2.9523652853191647E-4","0.32666666666666666","0.39285714285714285","8",,"6","false","Cluster 5","","Unclustered","1.8214285714285712","Aldh","25.75","0","8","Human","0","0.9739085507620769","false","0","Aldh","420","0.27393617021276595",""
"2.728862973760933","0.007768116711210736","0.36645299145299143","0.03571428571428571","8",,"5","false","","","Unclustered","2.0","peb","20.375","0","8","Human","0","0.978115658559988","false","0","peb","6638","0.15575396825396826",""
"2.941690962099125","0.0","0.3399405351833499","1.0","37","37","5","false","","Cluster 1","Clustered","37.0","mt:ND1","38.16216216216216","0","37","Human","0","0.9754216333911503","false","0","mt:ND1","0","0.5530748139443792",""
"2.8454810495626823","5.598678985936402E-4","0.35143442622950816","0.16666666666666666","4",,"5","false","Cluster 5","","Unclustered","2.0","RyR","23.75","0","4","Human","0","0.9766394803852826","false","0","RyR","648","0.2703488372093023",""
"2.568513119533528","0.012335059315894584","0.3893303064699205","0.6756302521008404","35","35","5","false","","Cluster 2","Clustered","17.986666666666668","Sec61alpha","43.48571428571429","0","35","Human","0","0.9801454035502084","false","0","Sec61alpha","17588","0.3104081632653061",""
"2.568513119533528","0.006049032149879365","0.3893303064699205","0.29473684210526313","20",,"5","false","","Cluster 8","Clustered","6.805555555555555","Raf","30.3","0","20","Human","0","0.9801454035502084","false","0","Raf","10832","0.20033112582781457","Female"
"2.58600583090379","0.015160862942787286","0.38669673055242393","0.5014245014245015","27","27","5","false","","Cluster 2","Clustered","14.0","apolpp","25.85185185185185","0","27","Human","0","0.9799239768240027","false","0","apolpp","19532","0.17275664926671638",""
"2.3498542274052476","0.008366649610869935","0.42555831265508687","0.636617749825297","54","54","5","false","","Cluster 1","Clustered","29.394957983193276","regucalcin","41.648148148148145","0","54","Human","0","0.9829132376277817","false","0","regucalcin","22248","0.2239147749900438",""
"2.760932944606414","0.0012961683136009565","0.36219640971488914","0.5833333333333334","9","9","5","false","Cluster 5","Cluster 5","Clustered","7.0","UQCR-Q","20.333333333333332","0","9","Human","0","0.9777097095619441","false","0","UQCR-Q","1704","0.18118118118118118",""
"2.947521865889213","9.618326645544106E-4","0.33926805143422356","0.8681318681318682","14","14","5","false","Cluster 5","Cluster 2","Clustered","13.0","COX5B","16.714285714285715","0","14","Human","0","0.975347824482415","false","0","COX5B","2134","0.2695852534562212",""
"2.306122448979592","0.023437430451975758","0.43362831858407075","0.30153846153846153","26",,"5","false","","Cluster 8","Clustered","5.117647058823529","Hsp83","40.76923076923077","0","26","Human","0","0.9834668044432963","false","0","Hsp83","36556","0.17943070145713316",""
"2.5043731778425657","0.013628866209851454","0.39930151338766007","0.49169435215946844","43","43","5","false","Cluster 5","Cluster 1","Clustered","22.846666666666664","Pglym78","40.72093023255814","0","43","Human","0","0.9809573015462967","false","0","Pglym78","27276","0.26599787201702385","Female"
"2.693877551020408","0.0013686609700608867","0.3712121212121212","0.8138528138528138","22","22","5","false","","Cluster 2","Clustered","18.0","CG14207","37.22727272727273","0","22","Human","0","0.9785585120124","false","0","CG14207","1804","0.30476900149031294",""
"2.323615160349854","0.017092613401342605","0.43036386449184444","0.3855072463768116","46","46","5","false","","Cluster 2","Clustered","15.0","fax","44.43478260869565","0","46","Human","0","0.9832453777170904","false","0","fax","49984","0.22329036486781734",""
"3.087463556851312","4.7544443578441615E-4","0.323890462700661","0.4","5",,"5","false","Cluster 5","","Unclustered","3.0","Men","31.4","0","5","Human","0","0.9735764106727681","false","0","Men","430","0.42162162162162165",""
"2.294460641399417","0.007755847860672617","0.4358322744599746","0.14285714285714285","14",,"4","false","","","Unclustered","1.4166666666666665","Pink1","32.92857142857143","0","14","Human","0","0.9836144222607669","false","0","Pink1","9084","0.13747758517632994",""
"3.075801749271137","0.003962642779947711","0.3251184834123223","0.2","5",,"6","false","Cluster 5","","Unclustered","1.2","Hr3","13.4","0","5","Human","0","0.9737240284902388","false","0","Hr3","3978","0.25882352941176473",""
"2.5801749271137027","0.008600872439082537","0.38757062146892657","0.766798418972332","23","23","5","false","","Cluster 2","Clustered","13.973684210526315","Fatp1","49.82608695652174","0","23","Human","0","0.979997785732738","false","0","Fatp1","11682","0.3232636928289102",""
"2.7142857142857144","0.011843603502086884","0.3684210526315789","0.6916666666666667","16","16","5","false","Cluster 5","Cluster 3","Clustered","12.0","Gapdh2","34.0625","0","16","Human","0","0.9783001808318265","false","0","Gapdh2","9762","0.2677165354330709",""
"2.880466472303207","1.4757731199426132E-4","0.34716599190283404","0.8897058823529411","17","17","6","false","","Cluster 2","Clustered","14.0","CG32473","28.176470588235293","0","17","Human","0","0.9761966269328707","false","0","CG32473","518","0.3029728020240354","Female"
"2.7142857142857144","4.189080657517998E-5","0.3684210526315789","0.9517241379310345","30","30","5","false","Cluster 5","Cluster 1","Clustered","27.0","Pgd","48.233333333333334","0","30","Human","0","0.9783001808318265","false","0","Pgd","242","0.41942028985507246",""
"2.8542274052478134","1.9812684033634263E-4","0.3503575076608785","0.7894736842105263","20","20","5","false","Cluster 5","Cluster 4","Clustered","12.876190476190477","CG13220","47.1","0","20",,"0","0.9765287670221796","false","0","CG13220","614","0.4205357142857143",""
"2.501457725947522","0.007317094009950133","0.3997668997668998","0.12727272727272726","11",,"5","false","","","Unclustered","3.0","clu","32.27272727272727","0","11","Human","0","0.9809942060006643","false","0","clu","10462","0.17160913952357804",""
"3.705539358600583","0.0058309037900874635","0.2698662470495673","0.0","2",,"6","false","Cluster 5","","Unclustered","0.6666666666666666","Mp20","8.5","0","2","Human","0","0.965752666346828","false","0","Mp20","4622","0.5",""
"4.702623906705539","0.0","0.21264724116553008","0.0","1",,"7","false","Cluster 5","","Unclustered","0.0","Pax","2.0","0","1","Human","0","0.9531313429530944","false","0","Pax","0","0.0",""
"2.7230320699708455","5.732792804112545E-4","0.367237687366167","0.766798418972332","23","23","5","false","","Cluster 3","Clustered","12.526315789473685","Lsp2","29.782608695652176","0","23",,"0","0.9781894674687235","false","0","Lsp2","2056","0.24613726194753863",""
"2.9008746355685133","6.817164108230854E-4","0.3447236180904522","0.7251461988304093","19","19","5","false","","Cluster 2","Clustered","14.0","CG34205","25.0","0","19",,"0","0.9759382957522973","false","0","CG34205","1536","0.30864197530864196",""
"2.6472303206997085","1.0523224019686836E-4","0.3777533039647577","0.934453781512605","35","35","5","false","","Cluster 1","Clustered","28.93763440860215","Bacc","47.17142857142857","0","35",,"0","0.9791489832822822","false","0","Bacc","748","0.3930952380952381","Female"
"2.507288629737609","0.003924799549502468","0.39883720930232563","0.7526427061310782","44","44","5","false","","Cluster 1","Clustered","29.19047619047619","Sumo","42.59090909090909","0","44","Human","0","0.9809203970919289","false","0","Sumo","8300","0.2856924954240391",""
"3.673469387755102","0.0","0.2722222222222222","0.0","1",,"6","false","Cluster 5","","Unclustered","0.0","CG2604","7.0","0","1","Human","0","0.9661586153448721","false","0","CG2604","0","0.0",""
"2.239067055393586","0.014848453337547033","0.4466145833333333","0.4657375145180023","42","42","5","false","Cluster 5","Cluster 2","Clustered","17.905263157894737","Mlc1","33.285714285714285","0","42","Human","0","0.984315606893752","false","0","Mlc1","28478","0.13754427390791027","Male"
"2.6588921282798834","8.160660707592397E-4","0.37609649122807015","0.7209302325581395","43","43","5","false","","Cluster 2","Clustered","19.946218487394958","Cyp12d1-p","44.95348837209303","0","43","Human","0","0.9790013654648115","false","0","Cyp12d1-p","2484","0.34315639978696966",""
"2.489795918367347","0.012668746304731799","0.4016393442622951","0.5604838709677419","32","32","5","false","","Cluster 2","Clustered","17.621052631578948","Pi3K68D","41.25","0","32","Human","0","0.9811418238181349","false","0","Pi3K68D","24714","0.25306748466257667",""
"4.2682215743440235","0.0","0.23428961748633878","0.0","1",,"7","false","Cluster 5","","Unclustered","0.0","ple","3.0","0","1","Human","0","0.958630106653873","false","0","ple","0","0.0",""
"2.941690962099125","0.0","0.3399405351833499","1.0","37","37","5","false","","Cluster 1","Clustered","37.0","mt:ND2","38.16216216216216","0","37","Human","0","0.9754216333911503","false","0","mt:ND2","0","0.5530748139443792",""
"2.7900874635568513","0.005761985191023154","0.35841170323928945","0.902834008097166","39","39","5","false","Cluster 5","Cluster 1","Clustered","37.0","ND-30","37.0","0","39","Human","0","0.9773406650182677","false","0","ND-30","5550","0.42528735632183906",""
"2.75801749271137","0.003247717208611864","0.36257928118393234","0.902834008097166","39","39","5","false","Cluster 5","Cluster 1","Clustered","37.0","ND-19","37.46153846153846","0","39","Human","0","0.9777466140163117","false","0","ND-19","6886","0.390224358974359",""
"3.5481049562682214","0.0","0.2818405916187346","0.0","1",,"6","false","Cluster 5","","Unclustered","0.0","colt","42.0","0","1","Human","0","0.9677455068826808","false","0","colt","0","0.0",""
"2.5247813411078717","0.0034805530942630856","0.3960739030023095","0.7579787234042553","48","48","5","false","Cluster 5","Cluster 1","Clustered","29.00900900900901","fabp","42.458333333333336","0","48","Human","0","0.9806989703657232","false","0","fabp","9210","0.2990023474178404",""
"2.501457725947522","0.0013744023503743387","0.3997668997668998","0.6613475177304965","48","48","5","false","","Cluster 2","Clustered","17.067653276955603","CCT6","43.770833333333336","0","48","Human","0","0.9809942060006643","false","0","CCT6","5046","0.30396412037037035",""
"2.5510204081632653","0.008490312626602487","0.392","0.629500580720093","42","42","5","false","","Cluster 2","Clustered","20.719576719576718","Mpcp2","41.904761904761905","0","42","Human","0","0.9803668302764144","false","0","Mpcp2","13132","0.3079481792717087","Female"
"2.2186588921282797","0.03298383070021876","0.4507227332457293","0.3674131775397598","79","79","5","false","Cluster 5","Cluster 2","Clustered","16.5531914893617","UQCR-C2","35.50632911392405","0","79","Human","0","0.9845739380743256","false","0","UQCR-C2","60412","0.17842376439157814",""
"2.877551020408163","6.724748530025122E-4","0.3475177304964539","0.7142857142857143","7",,"6","false","","","Unclustered","6.0","CG14315","34.857142857142854","0","7",,"0","0.9762335313872385","false","0","CG14315","558","0.42334494773519166",""
"2.6997084548104957","0.0016254570017364255","0.37041036717062636","0.5111111111111111","10","10","5","false","Cluster 5","Cluster 5","Seed","7.0","RFeSP","22.6","0","10","Human","0","0.9784847031036646","false","0","RFeSP","2354","0.18292682926829268",""
"2.6122448979591835","3.204779002720487E-4","0.38281250000000006","0.8882575757575758","33","33","5","false","","Cluster 1","Clustered","27.935632183908044","CG4598","46.81818181818182","0","33","Human","0","0.9795918367346939","false","0","CG4598","1202","0.36576704545454547",""
"2.5160349854227406","0.06237546010966388","0.3974507531865585","0.5544267053701016","53","53","5","false","Cluster 5","Cluster 1","Clustered","37.0","ND-PDSW","37.698113207547166","0","53","Human","0","0.9808096837288262","false","0","ND-PDSW","71584","0.2653467977677385",""
"2.941690962099125","0.0","0.3399405351833499","1.0","37","37","5","false","Cluster 5","Cluster 1","Clustered","37.0","ND-B17.2","38.16216216216216","0","37","Human","0","0.9754216333911503","false","0","ND-B17.2","0","0.5530748139443792",""
"2.927113702623907","0.0018854405149812622","0.34163346613545814","0.8571428571428571","14","14","5","false","","Cluster 2","Clustered","13.0","COX7A","17.142857142857142","0","14","Human","0","0.9756061556629885","false","0","COX7A","2278","0.2547974413646055",""
"3.0262390670553936","0.0","0.3304431599229287","1.0","6",,"6","false","Cluster 5","","Unclustered","6.0","Strn-Mlck","28.333333333333332","0","6","Human","0","0.9743514042144886","false","0","Strn-Mlck","0","0.35864978902953587","Female"
"2.4606413994169096","0.008185488683719218","0.40639810426540285","0.6906028368794326","48","48","5","false","","Cluster 1","Clustered","29.00900900900901","capt","41.791666666666664","0","48","Human","0","0.9815108683618112","false","0","capt","14402","0.26270964360587","Male"
"2.282798833819242","0.008918428691582584","0.43805874840357595","0.5176470588235295","35","35","5","false","Cluster 5","Cluster 2","Clustered","17.905263157894737","Mhc","34.114285714285714","0","35","Human","0","0.9837620400782374","false","0","Mhc","16450","0.15161904761904763","Male"
"2.2128279883381925","0.04081458729118315","0.4519104084321475","0.3120567375886525","48","48","5","false","","Cluster 4","Clustered","10.60968660968661","Akt","37.75","0","48","Human","0","0.9846477469830609","false","0","Akt","72634","0.1605496453900709",""
"2.8104956268221573","7.08004573101637E-4","0.3558091286307054","0.5333333333333333","6",,"6","false","Cluster 5","","Unclustered","4.0","tn","39.0","0","6","Human","0","0.9770823338376942","false","0","tn","994","0.3644859813084112",""
"2.941690962099125","0.0","0.3399405351833499","1.0","37","37","5","false","Cluster 5","Cluster 1","Clustered","37.0","ND-B18","38.16216216216216","0","37","Human","0","0.9754216333911503","false","0","ND-B18","0","0.5530748139443792",""
"2.443148688046647","0.00339214753018835","0.40930787589498807","0.7058823529411765","51","51","5","false","","Cluster 1","Clustered","29.00900900900901","Sh3beta","41.64705882352941","0","51","Human","0","0.9817322950880171","false","0","Sh3beta","11568","0.26029411764705884",""
"2.941690962099125","0.0","0.3399405351833499","1.0","37","37","5","false","Cluster 5","Cluster 1","Clustered","37.0","ND-B14.5B","38.16216216216216","0","37","Human","0","0.9754216333911503","false","0","ND-B14.5B","0","0.5530748139443792",""
"2.446064139941691","0.004596579455305511","0.4088200238379023","0.5947712418300654","18","18","5","false","","Cluster 4","Clustered","12.0","Ogdh","37.5","0","18","Human","0","0.9816953906336494","false","0","Ogdh","8160","0.19678362573099414",""
"3.2303206997084546","0.0","0.3095667870036101","1.0","5",,"5","false","Cluster 5","","Unclustered","5.0","Dim1","49.2","0","5","Human","0","0.9717680924087537","false","0","Dim1","0","0.8338983050847457",""
"2.941690962099125","0.0","0.3399405351833499","1.0","37","37","5","false","Cluster 5","Cluster 1","Clustered","37.0","NP15.6","38.16216216216216","0","37","Human","0","0.9754216333911503","false","0","NP15.6","0","0.5530748139443792",""
"2.3206997084548107","0.01852686943440115","0.4309045226130653","0.18128654970760233","19",,"5","false","","","Unclustered","2.7777777777777777","N","30.526315789473685","0","19","Human","0","0.9832822821714581","false","0","N","20132","0.134477162068166",""
"2.941690962099125","0.0","0.3399405351833499","1.0","37","37","5","false","","Cluster 1","Clustered","37.0","mt:ND6","38.16216216216216","0","37",,"0","0.9754216333911503","false","0","mt:ND6","0","0.5530748139443792",""
"2.941690962099125","0.0","0.3399405351833499","1.0","37","37","5","false","Cluster 5","Cluster 1","Clustered","37.0","ND-ACP","38.16216216216216","0","37","Human","0","0.9754216333911503","false","0","ND-ACP","0","0.5530748139443792",""
"2.58600583090379","0.01848359657968996","0.38669673055242393","0.7828106852497096","42","42","5","false","","Cluster 1","Clustered","37.0","ND-75","35.785714285714285","0","42","Human","0","0.9799239768240027","false","0","ND-75","22836","0.26705756929637525",""
"2.941690962099125","0.0","0.3399405351833499","1.0","37","37","5","false","","Cluster 1","Clustered","37.0","mt:ND5","38.16216216216216","0","37","Human","0","0.9754216333911503","false","0","mt:ND5","0","0.5530748139443792",""
"2.4110787172011663","0.0032970942867471147","0.4147521160822249","0.5667365478686234","54","54","5","false","","Cluster 2","Seed","21.470443349753694","OstDelta","41.48148148148148","0","54","Human","0","0.9821382440860612","false","0","OstDelta","10662","0.24839210467952982",""
"2.941690962099125","0.0","0.3399405351833499","1.0","37","37","5","false","","Cluster 1","Clustered","37.0","mt:ND3","38.16216216216216","0","37","Human","0","0.9754216333911503","false","0","mt:ND3","0","0.5530748139443792",""
"3.56268221574344","0.0","0.2806873977086743","0.0","1",,"6","false","Cluster 5","","Unclustered","0.0","Vha36-1","24.0","0","1","Human","0","0.9675609846108426","false","0","Vha36-1","0","0.0",""
"3.058309037900875","0.0","0.32697807435653004","1.0","13","13","5","false","","Cluster 2","Clustered","13.0","mt:CoI","17.53846153846154","0","13","Human","0","0.9739454552164447","false","0","mt:CoI","0","0.3076923076923077",""
"2.857142857142857","0.0011083672424321027","0.35","0.9502133712660028","38","38","5","false","Cluster 5","Cluster 1","Clustered","37.0","ND-SGDH","37.421052631578945","0","38","Human","0","0.9764918625678118","false","0","ND-SGDH","1974","0.49894736842105264",""
"3.6472303206997085","0.0","0.2741806554756195","0.0","1",,"6","false","Cluster 5","","Unclustered","0.0","nrv2","22.0","0","1","Human","0","0.966490755434181","false","0","nrv2","0","0.0","Female"
"2.2565597667638486","0.014727601049120027","0.4431524547803617","0.546236559139785","31","31","5","false","Cluster 5","Cluster 2","Clustered","17.905263157894737","Actn","34.54838709677419","0","31","Human","0","0.9840941801675462","false","0","Actn","19112","0.1448902141501762",""
"2.542274052478134","0.001417247981011086","0.393348623853211","0.7659574468085106","47","47","5","false","","Cluster 1","Clustered","29.238095238095237","Fkbp14","43.08510638297872","0","47","Human","0","0.9804775436395173","false","0","Fkbp14","5418","0.31680225281602004","Female"
"2.5306122448979593","0.0012956441026476014","0.3951612903225806","0.6430107526881721","31","31","5","false","","Cluster 2","Clustered","16.76086956521739","SsRbeta","44.354838709677416","0","31","Human","0","0.980625161456988","false","0","SsRbeta","3436","0.29374065370647295",""
"2.941690962099125","0.0","0.3399405351833499","1.0","37","37","5","false","Cluster 5","Cluster 1","Clustered","37.0","ND-13B","38.16216216216216","0","37","Human","0","0.9754216333911503","false","0","ND-13B","0","0.5530748139443792",""
"2.513119533527697","0.010785669120150861","0.39791183294663574","0.26406926406926406","22",,"5","false","","","Unclustered","5.785714285714286","rictor","31.772727272727273","0","22","Human","0","0.9808465881831937","false","0","rictor","15536","0.18971148611867175",""
"2.3440233236151604","0.004560548609532687","0.42661691542288555","0.7168627450980393","51","51","5","false","","Cluster 1","Clustered","29.00900900900901","Calr","43.35294117647059","0","51","Human","0","0.9829870465365169","false","0","Calr","15980","0.2281733746130031",""
"2.3002915451895043","0.01410645357851846","0.43472750316856784","0.4370748299319728","49","49","5","false","Cluster 5","Cluster 2","Clustered","17.905263157894737","Scp1","31.755102040816325","0","49",,"0","0.9835406133520316","false","0","Scp1","26424","0.1490849861071189",""
"2.941690962099125","0.0","0.3399405351833499","1.0","37","37","5","false","","Cluster 1","Clustered","37.0","ND-MWFE","38.16216216216216","0","37","Human","0","0.9754216333911503","false","0","ND-MWFE","0","0.5530748139443792",""
"2.641399416909621","4.988766630474479E-4","0.37858719646799116","0.8974789915966387","35","35","5","false","","Cluster 1","Clustered","29.0","RhoGDI","46.77142857142857","0","35","Human","0","0.9792227921910175","false","0","RhoGDI","2100","0.3802555168408827",""
"3.0","0.005830903790087464","0.3333333333333333","0.6666666666666666","6",,"6","false","","","Unclustered","5.0","icln","35.5","0","6","Human","0","0.9746835443037974","false","0","icln","8068","0.5888888888888889",""
"2.941690962099125","0.0","0.3399405351833499","1.0","37","37","5","false","","Cluster 1","Clustered","37.0","ND-MNLL","38.16216216216216","0","37","Human","0","0.9754216333911503","false","0","ND-MNLL","0","0.5530748139443792",""
"2.271137026239067","0.026630252617965224","0.44030808729139925","0.32605042016806723","35","35","5","false","","Cluster 4","Clustered","9.201581027667984","sima","36.91428571428571","0","35","Human","0","0.9839096578957081","false","0","sima","40054","0.1646380525304292",""
"2.752186588921283","8.669879093346171E-4","0.3633474576271186","0.5847953216374269","19","19","5","false","","Cluster 4","Clustered","9.340659340659341","jagn","41.1578947368421","0","19","Human","0","0.9778204229250471","false","0","jagn","2996","0.3215460526315789",""
"3.498542274052478","0.0","0.28583333333333333","0.0","1",,"6","false","Cluster 5","","Unclustered","0.0","AP-2mu","28.0","0","1","Human","0","0.9683728826069306","false","0","AP-2mu","0","0.0",""
"2.941690962099125","0.0","0.3399405351833499","1.0","37","37","5","false","Cluster 5","Cluster 1","Clustered","37.0","ND-B17","38.16216216216216","0","37",,"0","0.9754216333911503","false","0","ND-B17","0","0.5530748139443792",""
"2.381924198250729","0.016263788765337517","0.419828641370869","0.358974358974359","27","27","4","false","","Cluster 4","Clustered","12.0","Cyt-c1","34.074074074074076","0","27","Human","0","0.9825072886297376","false","0","Cyt-c1","27406","0.17122650288479435",""
"3.24198250728863","0.0","0.3084532374100719","1.0","2",,"6","false","Cluster 5","","Unclustered","2.0","Mlp84B","18.5","0","2","Human","0","0.9716204745912832","false","0","Mlp84B","0","0.578125",""
"2.941690962099125","0.0","0.3399405351833499","1.0","37","37","5","false","Cluster 5","Cluster 1","Clustered","37.0","ND-B14.5A","38.16216216216216","0","37","Human","0","0.9754216333911503","false","0","ND-B14.5A","0","0.5530748139443792",""
"3.058309037900875","0.0","0.32697807435653004","1.0","13","13","5","false","Cluster 5","Cluster 2","Clustered","13.0","COX8","17.53846153846154","0","13","Human","0","0.9739454552164447","false","0","COX8","0","0.3076923076923077",""
"2.577259475218659","0.0043721565757006645","0.38800904977375567","0.3897058823529412","17",,"5","false","","Cluster 8","Seed","8.0","Dsor1","37.588235294117645","0","17","Human","0","0.9800346901871057","false","0","Dsor1","8480","0.23941551142750095",""
"2.912536443148688","0.0024691489959623872","0.3433433433433433","0.7619047619047619","15","15","5","false","Cluster 5","Cluster 2","Clustered","13.0","levy","18.666666666666668","0","15","Human","0","0.9757906779348268","false","0","levy","2168","0.21212121212121213","Male"
"2.740524781341108","0.0031631605952673336","0.3648936170212766","0.49047619047619045","21","21","5","false","Cluster 5","Cluster 4","Clustered","11.0","sun","28.952380952380953","0","21","Human","0","0.9779680407425176","false","0","sun","7102","0.22271062271062272",""
"3.9620991253644315","8.54090811126257E-5","0.2523914643119941","0.0","2",,"7","false","Cluster 5","","Unclustered","0.6666666666666666","Pgi","3.5","0","2","Human","0","0.9625050743624756","false","0","Pgi","30","0.5",""
"2.5306122448979593","0.0010487251234749548","0.3951612903225806","0.717948717948718","39","39","5","false","","Cluster 2","Clustered","18.41733870967742","CCT8","45.0","0","39","Human","0","0.980625161456988","false","0","CCT8","5198","0.30405405405405406",""
"2.941690962099125","0.0","0.3399405351833499","1.0","37","37","5","false","Cluster 5","Cluster 1","Clustered","37.0","ND-B12","38.16216216216216","0","37","Human","0","0.9754216333911503","false","0","ND-B12","0","0.5530748139443792",""
"2.4169096209912535","0.0032792476594969634","0.413751507840772","0.7168627450980393","51","51","5","false","","Cluster 1","Clustered","29.00900900900901","Nlp","42.333333333333336","0","51","Human","0","0.982064435177326","false","0","Nlp","13680","0.251984126984127",""
"3.434402332361516","0.002110256430671677","0.29117147707979624","0.1","5",,"5","false","Cluster 5","","Unclustered","2.0","trol","5.8","0","5","Human","0","0.9691847806030188","false","0","trol","2552","0.2736842105263158",""
"2.956268221574344","2.141282620482456E-5","0.33826429980276135","0.945054945054945","14","14","5","false","Cluster 5","Cluster 3","Clustered","12.0","PPO1","28.428571428571427","0","14",,"0","0.9752371111193121","false","0","PPO1","94","0.40040241448692154",""
"2.2769679300291545","0.022240455953200882","0.43918053777208704","0.41414141414141414","45","45","4","false","","Cluster 1","Clustered","22.846666666666664","TER94","43.8","0","45","Human","0","0.9838358489869726","false","0","TER94","55960","0.20372093023255813",""
"4.685131195335277","0.0","0.2134411947728687","0.0","1",,"7","false","Cluster 5","","Unclustered","0.0","UGP","2.0","0","1","Human","0","0.9533527696793004","false","0","UGP","0","0.0",""
"2.7434402332361514","0.0","0.36450584484590864","1.0","9",,"5","false","","","Unclustered","9.0","Mpcp1","40.44444444444444","0","9","Human","0","0.9779311362881499","false","0","Mpcp1","0","0.337037037037037",""
"2.941690962099125","0.0","0.3399405351833499","1.0","37","37","5","false","","Cluster 1","Clustered","37.0","ND-B22","38.16216216216216","0","37","Human","0","0.9754216333911503","false","0","ND-B22","0","0.5530748139443792",""
"2.941690962099125","0.0","0.3399405351833499","1.0","37","37","5","false","Cluster 5","Cluster 1","Clustered","37.0","ND-15","38.16216216216216","0","37","Human","0","0.9754216333911503","false","0","ND-15","0","0.5530748139443792",""
"3.4198250728862973","0.001157275781255468","0.29241261722080136","0.0","2",,"6","false","Cluster 5","","Unclustered","0.6666666666666666","CG8560","22.5","0","2","Human","0","0.969369302874857","false","0","CG8560","1358","0.5",""
"2.941690962099125","0.0","0.3399405351833499","1.0","37","37","5","false","","Cluster 1","Clustered","37.0","ND-B16.6","38.16216216216216","0","37","Human","0","0.9754216333911503","false","0","ND-B16.6","0","0.5530748139443792",""
"2.5481049562682214","0.004468730820182272","0.39244851258581237","0.2","15",,"5","false","","Cluster 7","Clustered","2.857142857142857","Rheb","26.2","0","15","Human","0","0.980403734730782","false","0","Rheb","8132","0.1649789029535865",""
"2.749271137026239","0.006184730375203216","0.3637327677624602","0.2692307692307692","13",,"5","false","","Cluster 7","Clustered","2.7777777777777777","Pten","25.615384615384617","0","13","Human","0","0.9778573273794147","false","0","Pten","7328","0.2293832293832294",""
"2.676384839650146","0.023395159019934865","0.3736383442265795","0.08974358974358974","13",,"5","false","","","Unclustered","3.0","smg","20.846153846153847","0","13","Human","0","0.9787799387386058","false","0","smg","28274","0.15269804822043628",""
"2.3323615160349855","0.009263728151193813","0.42874999999999996","0.48438228438228437","66","66","5","false","Cluster 5","Cluster 2","Clustered","15.454751131221721","wal","38.696969696969695","0","66","Human","0","0.9831346643539877","false","0","wal","19920","0.21618418825122734",""
"2.6676384839650145","0.002218487290920287","0.3748633879781421","0.3055555555555556","9",,"5","false","Cluster 5","","Unclustered","1.8214285714285712","Sod2","39.666666666666664","0","9","Human","0","0.9788906521017086","false","0","Sod2","2038","0.27469135802469136","Male"
"2.6501457725947524","0.006285348052641415","0.3773377337733773","0.6883116883116883","22","22","5","false","","Cluster 2","Clustered","13.766666666666666","Atpalpha","47.04545454545455","0","22","Human","0","0.9791120788279145","false","0","Atpalpha","8878","0.3643410852713178",""
"3.058309037900875","0.0","0.32697807435653004","1.0","13","13","5","false","","Cluster 2","Clustered","13.0","COX7B","17.53846153846154","0","13",,"0","0.9739454552164447","false","0","COX7B","0","0.3076923076923077",""
"3.058309037900875","0.0","0.32697807435653004","1.0","13","13","5","false","Cluster 5","Cluster 2","Clustered","13.0","mt:CoIII","17.53846153846154","0","13","Human","0","0.9739454552164447","false","0","mt:CoIII","0","0.3076923076923077",""
"2.5247813411078717","0.0012402004051857256","0.3960739030023095","0.8012684989429175","44","44","5","false","","Cluster 1","Clustered","29.238095238095237","cib","43.70454545454545","0","44","Human","0","0.9806989703657232","false","0","cib","4532","0.30141065830721003",""
"2.56268221574344","4.126057903023607E-4","0.3902161547212742","0.8363636363636363","45","45","5","false","","Cluster 1","Clustered","29.00900900900901","GstO3","44.0","0","45","Human","0","0.9802192124589438","false","0","GstO3","2718","0.32592592592592595",""
"2.690962099125364","7.81559620729395E-4","0.371614301191766","0.7017543859649122","19","19","5","false","Cluster 5","Cluster 2","Clustered","13.0","fln","33.31578947368421","0","19",,"0","0.9785954164667676","false","0","fln","1828","0.2504946576968738",""
"2.941690962099125","0.0","0.3399405351833499","1.0","37","37","5","false","","Cluster 1","Clustered","37.0","ND-51","38.16216216216216","0","37","Human","0","0.9754216333911503","false","0","ND-51","0","0.5530748139443792",""
"2.947521865889213","0.0","0.33926805143422356","1.0","2",,"6","false","Cluster 5","","Unclustered","2.0","fj","46.5","0","2","Human","0","0.975347824482415","false","0","fj","0","0.5535714285714286",""
"2.941690962099125","0.0","0.3399405351833499","1.0","37","37","5","false","","Cluster 1","Clustered","37.0","ND-B14","38.16216216216216","0","37","Human","0","0.9754216333911503","false","0","ND-B14","0","0.5530748139443792",""
"3.0379008746355685","2.0836539551742544E-4","0.32917466410748564","0.5238095238095238","7",,"6","false","Cluster 5","","Unclustered","1.9285714285714288","l(2)09851","22.285714285714285","0","7","Human","0","0.9742037863970181","false","0","l(2)09851","598","0.31388329979879276",""
"2.5714285714285716","8.196675122658404E-4","0.38888888888888884","0.6896551724137931","29","29","5","false","","Cluster 2","Clustered","15.320158102766799","Tspo","46.206896551724135","0","29","Human","0","0.9801084990958409","false","0","Tspo","2346","0.3231251507113576",""
"2.4052478134110786","0.011791257285231773","0.41575757575757577","0.6423076923076924","40","40","4","false","","Cluster 1","Clustered","28.0","Akap200","42.9","0","40",,"0","0.9822120529947964","false","0","Akap200","25822","0.2422316384180791","Female"
"3.052478134110787","1.8255481360517726E-4","0.32760267430754536","0.16666666666666666","4",,"5","false","Cluster 5","","Unclustered","2.0","sesB","24.5","0","4","Human","0","0.9740192641251799","false","0","sesB","368","0.3037974683544304",""
"2.577259475218659","0.004295137260822193","0.38800904977375567","0.14102564102564102","13",,"5","false","","","Unclustered","1.5","Nrd1","30.153846153846153","0","13","Human","0","0.9800346901871057","false","0","Nrd1","6902","0.18889970788704966",""
"3.058309037900875","0.0","0.32697807435653004","1.0","13","13","5","false","","Cluster 2","Clustered","13.0","ND-MLRQ","17.53846153846154","0","13","Human","0","0.9739454552164447","false","0","ND-MLRQ","0","0.3076923076923077",""
"3.058309037900875","0.0","0.32697807435653004","1.0","13","13","5","false","","Cluster 2","Clustered","13.0","cype","17.53846153846154","0","13","Human","0","0.9739454552164447","false","0","cype","0","0.3076923076923077",""
"2.941690962099125","0.0","0.3399405351833499","1.0","37","37","5","false","Cluster 5","Cluster 1","Clustered","37.0","ND-B14.7","38.16216216216216","0","37","Human","0","0.9754216333911503","false","0","ND-B14.7","0","0.5530748139443792",""
"2.807580174927114","0.004200475897628468","0.3561786085150571","0.09523809523809523","7",,"5","false","","","Unclustered","1.2","p53","16.571428571428573","0","7","Human","0","0.9771192382920619","false","0","p53","3814","0.16815476190476192",""
"3.5830903790087465","0.0","0.2790886899918633","0.0","1",,"6","false","Cluster 5","","Unclustered","0.0","Fas1","27.0","0","1","Human","0","0.967302653430269","false","0","Fas1","0","0.0",""
"2.927113702623907","0.0","0.34163346613545814","1.0","6",,"5","false","","","Unclustered","6.0","CG6330","36.666666666666664","0","6","Human","0","0.9756061556629885","false","0","CG6330","0","0.4700854700854701",""
"3.9212827988338192","0.0","0.2550185873605948","0.0","1",,"7","false","Cluster 5","","Unclustered","0.0","CG17593","17.0","0","1","Human","0","0.9630217367236226","false","0","CG17593","0","0.0",""
"2.629737609329446","0.0032285585874157665","0.3802660753880266","0.6239316239316239","27","27","5","false","Cluster 5","Cluster 2","Clustered","17.905263157894737","Act79B","34.111111111111114","0","27","Human","0","0.9793704100084879","false","0","Act79B","7320","0.2471819645732689",""
"2.5247813411078717","0.0017327908848102822","0.3960739030023095","0.5686274509803921","18","18","5","false","Cluster 5","Cluster 4","Clustered","11.0","ATPsyndelta","32.5","0","18","Human","0","0.9806989703657232","false","0","ATPsyndelta","4624","0.19578313253012047",""
"3.7755102040816326","0.0","0.2648648648648649","0.0","1",,"6","false","Cluster 5","","Unclustered","0.0","Pex5","6.0","0","1","Human","0","0.9648669594420047","false","0","Pex5","0","0.0",""
"2.6064139941690962","5.079083951120401E-4","0.383668903803132","0.7494252873563219","30","30","5","false","Cluster 5","Cluster 2","Clustered","18.105072463768117","CCT7","47.4","0","30","Human","0","0.9796656456434291","false","0","CCT7","2000","0.345985401459854",""
"2.941690962099125","0.0","0.3399405351833499","1.0","37","37","5","false","Cluster 5","Cluster 1","Clustered","37.0","ND-B15","38.16216216216216","0","37","Human","0","0.9754216333911503","false","0","ND-B15","0","0.5530748139443792",""
"3.997084548104956","0.0","0.25018234865062","0.0","1",,"7","false","Cluster 5","","Unclustered","0.0","Neb-cGP","6.0","0","1","Human","0","0.9620622209100639","false","0","Neb-cGP","0","0.0",""
"2.991253644314869","3.1603820358450476E-4","0.33430799220272905","0.2857142857142857","7",,"6","false","Cluster 5","","Unclustered","3.0","betaTub97EF","26.285714285714285","0","7","Human","0","0.9747942576669004","false","0","betaTub97EF","914","0.3309222423146474",""
"2.597667638483965","0.00957049564596526","0.3849607182940516","0.6581196581196581","27",,"5","false","Cluster 5","","Unclustered","19.0","Sod1","40.888888888888886","0","27","Human","0","0.979776359006532","false","0","Sod1","7904","0.2839506172839506",""
"3.4635568513119535","8.799654112777873E-4","0.2887205387205387","0.0","2",,"6","false","Cluster 5","","Unclustered","0.6666666666666666","CG3793","13.0","0","2","Human","0","0.9688157360593425","false","0","CG3793","1222","0.5",""
"3.3994169096209914","3.388284764093649E-4","0.2941680960548885","0.0","2",,"6","false","Cluster 5","","Unclustered","0.6666666666666666","Pfk","26.5","0","2","Human","0","0.9696276340554304","false","0","Pfk","234","0.5",""
"2.857142857142857","0.0011083672424321027","0.35","0.9502133712660028","38","38","5","false","Cluster 5","Cluster 1","Clustered","37.0","ND-ASHI","37.421052631578945","0","38","Human","0","0.9764918625678118","false","0","ND-ASHI","1974","0.49894736842105264",""
"3.4664723032069973","0.0","0.28847771236333053","0.0","1",,"5","false","Cluster 5","","Unclustered","0.0","ru","20.0","0","1","Human","0","0.9687788316049747","false","0","ru","0","0.0","Female"
"2.39067055393586","0.011777329155244468","0.4182926829268293","0.6670190274841438","44","44","4","false","Cluster 5","Cluster 1","Clustered","29.772727272727273","CG8036","42.90909090909091","0","44","Human","0","0.9823965752666346","false","0","CG8036","24230","0.24080694586312565",""
"2.941690962099125","0.0","0.3399405351833499","1.0","37","37","5","false","","Cluster 1","Clustered","37.0","mt:ND4L","38.16216216216216","0","37","Human","0","0.9754216333911503","false","0","mt:ND4L","0","0.5530748139443792",""
"2.638483965014577","0.004144701953681312","0.3790055248618785","0.6330049261083743","29","29","6","false","","Cluster 2","Clustered","16.900584795321638","FASN1","42.93103448275862","0","29","Human","0","0.9792596966453851","false","0","FASN1","7822","0.3353987068965517","Female"
"3.3411078717201166","0.007898007970639193","0.2993019197207679","0.0","4",,"6","false","","","Unclustered","0.4","Dg","11.75","0","4","Human","0","0.9703657231427834","false","0","Dg","10728","0.25595238095238093",""
"2.553935860058309","0.0026243622212435438","0.3915525114155251","0.6097560975609756","41","41","5","false","","Cluster 2","Clustered","19.5","Kap-alpha3","42.609756097560975","0","41","Human","0","0.9803299258220468","false","0","Kap-alpha3","7492","0.3021968517557516",""
"4.338192419825073","0.0","0.23051075268817206","0.0","1",,"7","false","Cluster 5","","Unclustered","0.0","Fhos","4.0","0","1","Human","0","0.9577443997490497","false","0","Fhos","0","0.0",""
"3.871720116618076","0.0","0.2582831325301205","0.0","1",,"6","false","Cluster 5","","Unclustered","0.0","CG5376","6.0","0","1",,"0","0.9636491124478724","false","0","CG5376","0","0.0",""
"3.0174927113702625","0.0018982061851383336","0.33140096618357484","0.4","5",,"5","false","","","Unclustered","3.0","Rtnl1","26.8","0","5","Human","0","0.9744621175775916","false","0","Rtnl1","2934","0.3546666666666667",""
"2.7201166180758016","0.0013221400004069074","0.36763129689174706","0.4222222222222222","10",,"5","false","","Cluster 7","Clustered","2.7777777777777777","csw","28.0","0","10","Human","0","0.978226371923091","false","0","csw","2344","0.21374045801526717","Female"
"3.7230320699708455","0.0","0.26859827721221613","0.0","1",,"6","false","Cluster 5","","Unclustered","0.0","Men-b","6.0","0","1","Human","0","0.9655312396206223","false","0","Men-b","0","0.0","Male"
"3.1661807580174925","6.823273178180528E-5","0.31583793738489874","0.3333333333333333","3",,"6","false","Cluster 5","","Unclustered","2.0","CG32409","21.666666666666668","0","3","Human","0","0.9725799904048419","false","0","CG32409","254","0.4266666666666667",""
"2.6647230320699706","4.4067297366379973E-4","0.37527352297593003","0.8181818181818182","23","23","5","false","","Cluster 2","Clustered","17.905263157894737","CG5177","37.04347826086956","0","23",,"0","0.9789275565560763","false","0","CG5177","946","0.28494983277591973",""
"2.4169096209912535","0.002380172343495562","0.413751507840772","0.7239215686274509","51","51","5","false","","Cluster 1","Clustered","29.00900900900901","CG10638","42.549019607843135","0","51","Human","0","0.982064435177326","false","0","CG10638","10578","0.25326797385620914",""
"2.7142857142857144","4.391810264384271E-4","0.3684210526315789","0.7684729064039408","29","29","5","false","","Cluster 2","Clustered","16.932806324110672","SerRS","42.3448275862069","0","29","Human","0","0.9783001808318265","false","0","SerRS","1954","0.3257294429708223",""
"2.816326530612245","0.001487669592176546","0.35507246376811596","0.047619047619047616","7",,"5","false","","","Unclustered","2.0","dos","18.0","0","7","Human","0","0.977008524928959","false","0","dos","1796","0.1800595238095238",""
"2.5393586005830904","0.0011896426685878594","0.39380022962112515","0.7004048582995951","39","39","5","false","","Cluster 2","Clustered","19.166666666666668","Nfs1","45.61538461538461","0","39","Human","0","0.980514448093885","false","0","Nfs1","4134","0.32351336606655756",""
"2.6443148688046647","1.2504955008998936E-4","0.37816979051819183","0.8478260869565217","24","24","5","false","","Cluster 2","Clustered","15.96969696969697","CG5854","50.416666666666664","0","24","Human","0","0.9791858877366497","false","0","CG5854","740","0.4001322751322751",""
"2.253644314868805","0.0137770265741815","0.44372574385510993","0.5294486215538847","57","57","5","false","","Cluster 2","Clustered","20.517045454545457","Gp93","42.80701754385965","0","57","Human","0","0.9841310846219138","false","0","Gp93","27126","0.20384294068504594",""
"2.4956268221574343","0.0048043323573414495","0.4007009345794393","0.48615384615384616","26",,"5","false","Cluster 5","Cluster 8","Clustered","6.956521739130435","ATPsynB","31.23076923076923","0","26","Human","0","0.9810680149093995","false","0","ATPsynB","14930","0.1881371640407785",""
"2.323615160349854","0.00822013512228181","0.43036386449184444","0.68","50","50","4","false","","Cluster 1","Clustered","29.00900900900901","Chd64","43.02","0","50","Human","0","0.9832453777170904","false","0","Chd64","21412","0.2206153846153846","Male"
"2.434402332361516","0.0038879541924996186","0.41077844311377243","0.4666666666666667","25","25","5","false","Cluster 5","Cluster 4","Clustered","11.0","ATPsynO","31.72","0","25","Human","0","0.98184300845112","false","0","ATPsynO","10990","0.17145945945945945",""
"2.941690962099125","0.0","0.3399405351833499","1.0","11","11","5","false","","Cluster 4","Clustered","11.0","ATPsynE","24.636363636363637","0","11","Human","0","0.9754216333911503","false","0","ATPsynE","0","0.2968236582694414","Female"
"2.294460641399417","0.01028024090072818","0.4358322744599746","0.48484848484848486","67","67","5","false","","Cluster 2","Clustered","15.076170510132773","Mcad","39.16417910447761","0","67","Human","0","0.9836144222607669","false","0","Mcad","21610","0.20935429802857372",""
"2.801749271137026","4.079075045395768E-5","0.35691987513007284","0.9428571428571428","15","15","5","false","","Cluster 2","Clustered","13.0","Glyp","35.2","0","15","Human","0","0.9771930472007971","false","0","Glyp","138","0.3171171171171171",""
"2.868804664723032","0.004889232200533713","0.3485772357723577","0.8564102564102564","40","40","5","false","","Cluster 1","Clustered","37.0","ND-23","35.775","0","40","Human","0","0.9763442447503414","false","0","ND-23","5172","0.4700657894736842",""
"2.6151603498542273","1.6599847350289644E-4","0.3823857302118172","0.7660818713450293","19","19","5","false","","Cluster 4","Clustered","10.941176470588236","CG2065","46.94736842105263","0","19","Human","0","0.9795549322803263","false","0","CG2065","574","0.34019832189168575",""
"2.941690962099125","0.0","0.3399405351833499","1.0","37","37","5","false","Cluster 5","Cluster 1","Clustered","37.0","ND-AGGG","38.16216216216216","0","37","Human","0","0.9754216333911503","false","0","ND-AGGG","0","0.5530748139443792",""
"2.620991253644315","0.0014399390888720554","0.3815350389321468","0.6131907308377896","34","34","5","false","","Cluster 2","Clustered","18.17391304347826","Past1","41.588235294117645","0","34","Human","0","0.9794811233715909","false","0","Past1","3758","0.31746744499326446",""
"2.2769679300291545","0.031160395126995387","0.43918053777208704","0.34825234441602726","69","69","5","false","","Cluster 1","Clustered","23.726495726495727","Ald1","37.42028985507246","0","69","Human","0","0.9838358489869726","false","0","Ald1","56614","0.18710144927536232",""
"2.813411078717201","1.589811043684903E-4","0.35544041450777203","0.8235294117647058","18",,"5","false","Cluster 5","","Unclustered","11.895424836601308","UQCR-6.4","49.611111111111114","0","18","Human","0","0.9770454293833266","false","0","UQCR-6.4","486","0.4314009661835749",""
"2.6793002915451893","0.008178347276779619","0.3732317736670294","0.6105263157894737","20",,"5","false","","","Unclustered","12.566666666666666","Glt","40.2","0","20","Human","0","0.9787430342842381","false","0","Glt","13094","0.268",""
"2.8979591836734695","4.7773387403441476E-4","0.34507042253521125","0.16666666666666666","4",,"5","false","Cluster 5","","Unclustered","2.0","Nsun2","27.75","0","4","Human","0","0.9759752002066651","false","0","Nsun2","786","0.296195652173913",""
"2.513119533527697","0.016121322514835338","0.39791183294663574","0.45546218487394957","35","35","5","false","Cluster 5","Cluster 2","Clustered","14.779411764705884","Pgk","39.6","0","35","Human","0","0.9808465881831937","false","0","Pgk","26460","0.2504520795660036",""
"2.501457725947522","8.719180295427878E-4","0.3997668997668998","0.7036585365853658","41","41","5","false","","Cluster 2","Clustered","15.938461538461539","CCT3","44.853658536585364","0","41","Human","0","0.9809942060006643","false","0","CCT3","3470","0.29704409626877726",""
"2.2244897959183674","0.023786017084797124","0.4495412844036697","0.3078626799557032","43","43","4","false","Cluster 5","Cluster 4","Seed","12.876190476190477","ATPsynCF6","35.325581395348834","0","43","Human","0","0.9845001291655903","false","0","ATPsynCF6","52358","0.15032162295893123",""
"2.868804664723032","4.406428542930182E-4","0.3485772357723577","0.0","4",,"5","false","Cluster 5","","Unclustered","0.4","p38b","27.0","0","4","Human","0","0.9763442447503414","false","0","p38b","456","0.2653061224489796",""
"3.4839650145772594","4.985789142919994E-5","0.2870292887029289","0.3333333333333333","3",,"6","false","Cluster 5","","Unclustered","2.0","ACC","19.666666666666668","0","3","Human","0","0.9685574048787688","false","0","ACC","46","0.3945578231292517",""
"2.565597667638484","0.012474790747822184","0.38977272727272727","0.5942028985507246","24","24","5","false","","Cluster 4","Clustered","11.895424836601308","Vha68-2","43.583333333333336","0","24","Human","0","0.9801823080045762","false","0","Vha68-2","15226","0.2939189189189189",""
"2.501457725947522","0.018125775570845284","0.3997668997668998","0.37037037037037035","28",,"5","false","","","Unclustered","11.399999999999999","Pdk1","36.32142857142857","0","28","Human","0","0.9809942060006643","false","0","Pdk1","30302","0.20833333333333334",""
"2.924198250728863","0.010606775713346858","0.3419740777666999","0.21323529411764705","17",,"6","false","","","Unclustered","2.2545454545454544","S6kII","20.0","0","17","Human","0","0.9756430601173561","false","0","S6kII","19356","0.18240690771721532",""
"2.1574344023323615","0.03205464726632518","0.4635135135135135","0.33542976939203356","54","54","4","false","","Cluster 2","Clustered","15.398550724637682","porin","40.98148148148148","0","54","Human","0","0.9853489316160461","false","0","porin","70790","0.17004764100199785",""
"2.5043731778425657","0.0016591181269820117","0.39930151338766007","0.6412698412698413","36","36","5","false","","Cluster 2","Clustered","15.948717948717949","CG1416","43.0","0","36","Human","0","0.9809573015462967","false","0","CG1416","3936","0.28104575163398693",""
"2.9650145772594754","0.0020546435763173186","0.33726647000983284","0.2","5",,"5","false","Cluster 5","","Unclustered","1.2","PH4alphaEFB","22.4","0","5","Human","0","0.9751263977562091","false","0","PH4alphaEFB","2594","0.23125","Male"
"3.8104956268221573","0.0","0.26243305279265494","1.0","4","4","6","false","Cluster 5","Cluster 6","Seed","4.0","Acp65Aa","11.25","0","4",,"0","0.9644241059895929","false","0","Acp65Aa","0","0.45",""
"2.36734693877551","0.018476015368839672","0.4224137931034483","0.34236453201970446","29","29","4","false","Cluster 5","Cluster 2","Clustered","13.0","COX4","30.137931034482758","0","29","Human","0","0.9826918109015758","false","0","COX4","26482","0.15068965517241378",""
"2.629737609329446","0.01697397423932224","0.3802660753880266","0.43915343915343913","28","28","5","false","","Cluster 2","Clustered","13.0","mt:CoII","33.642857142857146","0","28","Human","0","0.9793704100084879","false","0","mt:CoII","19048","0.22579098753595397",""
"2.941690962099125","0.0","0.3399405351833499","1.0","37","37","5","false","Cluster 5","Cluster 1","Clustered","37.0","ND-39","38.16216216216216","0","37","Human","0","0.9754216333911503","false","0","ND-39","0","0.5530748139443792",""
"2.489795918367347","0.0017265655869824327","0.4016393442622951","0.8975817923186344","38","38","5","false","","Cluster 1","Clustered","29.67914438502674","PCNA","46.973684210526315","0","38","Human","0","0.9811418238181349","false","0","PCNA","5062","0.2954319761668322",""
"2.5306122448979593","0.0011282112948995235","0.3951612903225806","0.6747638326585695","39","39","5","false","","Cluster 2","Clustered","16.666666666666668","Rpt1","45.282051282051285","0","39","Human","0","0.980625161456988","false","0","Rpt1","3610","0.3166577012730859",""
"2.7026239067055395","0.01687717416603021","0.3700107874865156","0.9473684210526315","38","38","5","false","","Cluster 1","Clustered","37.0","ND-20","38.578947368421055","0","38","Human","0","0.978447798649297","false","0","ND-20","7572","0.32127192982456143",""
"2.4402332361516037","0.0070983913818093575","0.4097968936678614","0.502020202020202","45","45","5","false","","Cluster 2","Clustered","14.443548387096774","ScsbetaA","39.4","0","45","Human","0","0.9817691995423848","false","0","ScsbetaA","14492","0.24320987654320989",""
"2.941690962099125","0.0","0.3399405351833499","1.0","37","37","5","false","Cluster 5","Cluster 1","Clustered","37.0","ND-13A","38.16216216216216","0","37","Human","0","0.9754216333911503","false","0","ND-13A","0","0.5530748139443792","Male"
"3.227405247813411","2.1701360698282258E-5","0.3098464317976513","0.0","2",,"5","false","Cluster 5","","Unclustered","0.6666666666666666","Cog7","26.5","0","2","Human","0","0.9718049968631214","false","0","Cog7","36","0.5425531914893617",""
"2.5247813411078717","0.0022669510840378124","0.3960739030023095","0.6470588235294118","35","35","5","false","","Cluster 2","Clustered","16.76086956521739","Hel25E","43.34285714285714","0","35","Human","0","0.9806989703657232","false","0","Hel25E","4390","0.29667318982387475",""
"3.2857142857142856","0.00215907442970361","0.30434782608695654","0.0","2",,"6","false","Cluster 5","","Unclustered","0.6666666666666666","Tpi","14.0","0","2","Human","0","0.9710669077757684","false","0","Tpi","2452","0.5",""
"2.259475218658892","0.019953670558692835","0.44258064516129036","0.37532467532467534","56","56","5","false","","Cluster 2","Clustered","17.905263157894737","Adh","29.660714285714285","0","56","Human","0","0.9840572757131786","false","0","Adh","32542","0.13482142857142856",""
"2.8658892128279883","3.7717962649970274E-5","0.34893184130213634","0.8916666666666667","16","16","5","false","","Cluster 2","Clustered","13.0","CG10581","36.75","0","16","Human","0","0.976381149204709","false","0","CG10581","84","0.4375",""
"2.513119533527697","5.386168086901563E-4","0.39791183294663574","0.874390243902439","41","41","5","false","","Cluster 1","Clustered","29.238095238095237","Inos","46.073170731707314","0","41","Human","0","0.9808465881831937","false","0","Inos","3002","0.3051203359715716",""
"2.3935860058309038","0.0030561776186879734","0.4177831912302071","0.5666666666666667","60","60","5","false","","Cluster 2","Clustered","15.076170510132773","CG33303","41.31666666666667","0","60","Human","0","0.9823596708122672","false","0","CG33303","10550","0.2504040404040404",""
"2.5947521865889214","0.008599528136652428","0.38539325842696626","0.21978021978021978","14",,"5","false","","Cluster 7","Clustered","2.6666666666666665","Egfr","23.214285714285715","0","14","Human","0","0.9798132634608997","false","0","Egfr","9636","0.15285714285714286","Female"
"2.2565597667638486","0.024865920920997594","0.4431524547803617","0.28733997155049784","38","38","4","false","Cluster 5","Cluster 2","Clustered","14.0","ATPsynbeta","38.078947368421055","0","38","Human","0","0.9840941801675462","false","0","ATPsynbeta","53950","0.16837447601304145","Female"
"2.545189504373178","0.0028489923057425878","0.3928980526918671","0.40441176470588236","17",,"5","false","","","Unclustered","7.0","CG13887","41.64705882352941","0","17","Human","0","0.9804406391851496","false","0","CG13887","7270","0.24498269896193772",""
"2.7784256559766765","0.006264785140402581","0.359916054564533","0.26666666666666666","6",,"5","false","","","Unclustered","1.2","betaTub85D","28.333333333333332","0","6","Human","0","0.9774882828357383","false","0","betaTub85D","7320","0.21834625322997417",""
"2.705539358600583","0.0017346629411665983","0.36961206896551724","0.8461538461538461","13",,"5","false","Cluster 5","","Unclustered","12.0","ND-18","37.69230769230769","0","13","Human","0","0.9784108941949292","false","0","ND-18","2664","0.2725752508361204",""
"2.7638483965014577","2.2801037618863976E-4","0.3618143459915612","0.8771929824561403","19","19","5","false","","Cluster 2","Clustered","14.0","Yp3","31.894736842105264","0","19","Human","0","0.9776728051075765","false","0","Yp3","1124","0.2726045883940621",""
"2.3294460641399417","0.007685557986680016","0.4292866082603254","0.5990338164251208","46","46","5","false","","Cluster 2","Clustered","18.939516129032256","Rab5","43.91304347826087","0","46","Human","0","0.9831715688083551","false","0","Rab5","14336","0.22279849922754358",""
"2.186588921282799","0.023531016236147412","0.4573333333333333","0.4078014184397163","48","48","5","false","Cluster 5","Cluster 2","Clustered","17.905263157894737","Mlc2","31.041666666666668","0","48","Human","0","0.9849798870723696","false","0","Mlc2","35554","0.1250840053763441",""
"2.309037900874636","0.009277404831339087","0.43308080808080807","0.46875","64","64","5","false","","Cluster 2","Clustered","20.727822580645164","Rdh1","38.875","0","64","Human","0","0.9834298999889286","false","0","Rdh1","25576","0.21013513513513513",""
"2.4518950437317786","0.004838367240174623","0.4078478002378121","0.5344129554655871","39","39","5","false","Cluster 5","Cluster 2","Clustered","17.246153846153845","ATPsyngamma","43.205128205128204","0","39","Human","0","0.9816215817249142","false","0","ATPsyngamma","12706","0.25414781297134237",""
"2.3352769679300294","0.007689568900863772","0.42821473158551804","0.5826612903225806","32","32","5","false","Cluster 5","Cluster 2","Clustered","17.905263157894737","Prm","34.5625","0","32","Human","0","0.9830977598996199","false","0","Prm","15368","0.1630306603773585",""
"2.676384839650146","0.009163855261479925","0.3736383442265795","0.09523809523809523","7",,"5","false","","","Unclustered","1.6666666666666667","Bx","26.285714285714285","0","7","Human","0","0.9787799387386058","false","0","Bx","6686","0.1978021978021978",""
"2.2740524781341107","0.009842319002229562","0.43974358974358974","0.53003003003003","37","37","5","false","Cluster 5","Cluster 2","Clustered","17.905263157894737","Mf","33.78378378378378","0","37",,"0","0.9838727534413404","false","0","Mf","16926","0.14613314613314612",""
"3.020408163265306","0.001264408215027577","0.3310810810810811","0.4722222222222222","9","9","6","false","","Cluster 6","Clustered","3.0","CG4962","22.333333333333332","0","9",,"0","0.974425213123224","false","0","CG4962","3100","0.3059360730593607","Male"
"2.376093294460641","0.008458968828936009","0.4208588957055215","0.3956989247311828","31",,"5","false","","Cluster 8","Clustered","6.478260869565218","blw","39.0","0","31","Human","0","0.9825810975384729","false","0","blw","17806","0.19780579662682168","Both"
"2.553935860058309","0.0010056904465744428","0.3915525114155251","0.7042042042042042","37","37","5","false","","Cluster 2","Clustered","17.609195402298848","Gfat2","44.32432432432432","0","37","Human","0","0.9803299258220468","false","0","Gfat2","3626","0.3166023166023166",""
"2.5247813411078717","0.0196124064688517","0.3960739030023095","0.4528735632183908","30",,"5","false","","","Unclustered","7.037037037037037","COX7AL2","27.8","0","30","Human","0","0.9806989703657232","false","0","COX7AL2","21074","0.16951219512195123",""
"2.638483965014577","6.527205607902957E-4","0.3790055248618785","0.7443181818181818","33","33","5","false","","Cluster 2","Clustered","16.93915343915344","Cnx99A","44.90909090909091","0","33","Human","0","0.9792596966453851","false","0","Cnx99A","2764","0.31186868686868685",""
"2.43731778425656","0.008466998904773084","0.4102870813397129","0.6742857142857143","50","50","5","false","","Cluster 1","Clustered","29.00900900900901","Moe","40.6","0","50","Human","0","0.9818061039967524","false","0","Moe","12814","0.2506172839506173","Female"
"2.737609329446064","2.9994411457214036E-4","0.3652822151224707","0.8526315789473684","20","20","5","false","","Cluster 3","Seed","12.526315789473685","CG5506","32.05","0","20",,"0","0.9780049451968853","false","0","CG5506","1352","0.26708333333333334",""
"2.3469387755102042","0.0072448904802219286","0.4260869565217391","0.49056603773584906","54","54","5","false","","Cluster 2","Clustered","20.23","Ost48","40.55555555555556","0","54","Human","0","0.9829501420821493","false","0","Ost48","19740","0.21804062126642773",""
"3.36734693877551","1.5628640762904992E-5","0.296969696969697","0.0","2",,"6","false","Cluster 5","","Unclustered","0.6666666666666666","Pex13","27.0","0","2","Human","0","0.9700335830534745","false","0","Pex13","6","0.52",""
"2.553935860058309","6.480966595172405E-4","0.3915525114155251","0.6853658536585366","41","41","5","false","","Cluster 2","Clustered","18.708333333333332","Tapdelta","45.24390243902439","0","41","Human","0","0.9803299258220468","false","0","Tapdelta","2534","0.33024746305857217",""
"2.8221574344023326","0.0030552281173736894","0.35433884297520657","0.3974358974358974","13",,"6","false","","Cluster 7","Clustered","3.555555555555556","gig","27.384615384615383","0","13","Human","0","0.9769347160202237","false","0","gig","6994","0.24166099387338325",""
"2.489795918367347","0.005244476202750573","0.4016393442622951","0.5901942645698427","47","47","5","false","","Cluster 2","Clustered","16.23873873873874","Sc2","41.40425531914894","0","47","Human","0","0.9811418238181349","false","0","Sc2","10650","0.2796147211040828",""
"2.061224489795918","0.03398998501848422","0.4851485148514852","0.3549965059399022","54","54","5","false","Cluster 5","Cluster 2","Clustered","17.905263157894737","Tm2","30.64814814814815","0","54","Human","0","0.9865667786101783","false","0","Tm2","53330","0.10945767195767196",""
"2.6472303206997085","2.552742744387919E-4","0.3777533039647577","0.8435517970401691","44","44","5","false","","Cluster 1","Clustered","29.00900900900901","HINT1","43.04545454545455","0","44","Human","0","0.9791489832822822","false","0","HINT1","1376","0.3913223140495868",""
"3.4664723032069973","1.6797084114523447E-4","0.28847771236333053","0.3333333333333333","3",,"6","false","Cluster 5","","Unclustered","2.0","Pxn","19.0","0","3","Human","0","0.9687788316049747","false","0","Pxn","280","0.5333333333333333",""
"2.2740524781341107","0.006870942552995115","0.43974358974358974","0.5291607396870555","38","38","5","false","","Cluster 2","Clustered","17.905263157894737","up","33.73684210526316","0","38","Human","0","0.9838727534413404","false","0","up","16868","0.14604693552061973",""
"2.717201166180758","0.001874577892659716","0.3680257510729614","0.7415384615384616","26","26","5","false","Cluster 5","Cluster 2","Clustered","16.271428571428572","mEFTu1","43.84615384615385","0","26","Human","0","0.9782632763774588","false","0","mEFTu1","3156","0.34224759615384615","Male"
"2.311953352769679","0.06858122047503784","0.4325346784363178","0.6028368794326241","48","48","5","false","Cluster 5","Cluster 1","Seed","37.0","ND-42","35.166666666666664","0","48","Human","0","0.983392995534561","false","0","ND-42","74218","0.17050970873786409",""
"2.848396501457726","5.770097757617547E-5","0.3510747185261003","0.9187192118226601","29","29","6","false","","Cluster 1","Clustered","23.85230769230769","Ntf-2","44.724137931034484","0","29","Human","0","0.9766025759309148","false","0","Ntf-2","204","0.4861319340329835",""
"2.5889212827988337","2.7345296784851166E-4","0.38626126126126126","0.7263157894736842","20","20","5","false","","Cluster 4","Clustered","10.175438596491228","CG15098","45.7","0","20",,"0","0.979887072369635","false","0","CG15098","1256","0.3108843537414966",""
"2.58600583090379","0.001858723468145625","0.38669673055242393","0.5833333333333334","24","24","5","false","","Cluster 2","Clustered","12.935672514619883","ox","41.458333333333336","0","24","Human","0","0.9799239768240027","false","0","ox","3150","0.30042270531400966",""
"2.7230320699708455","1.7115418373601376E-4","0.367237687366167","0.8952380952380953","15","15","5","false","","Cluster 2","Clustered","13.0","Gpo1","37.2","0","15","Human","0","0.9781894674687235","false","0","Gpo1","558","0.290625",""
"2.9679300291545188","0.00285232094489942","0.33693516699410614","0.6257309941520468","19","19","6","false","","Cluster 2","Clustered","14.0","Vajk2","25.526315789473685","0","19",,"0","0.9750894933018416","false","0","Vajk2","7570","0.3315105946684894",""
"2.361516034985423","0.008297710217516418","0.42345679012345677","0.7217391304347827","46","46","5","false","","Cluster 1","Clustered","29.19047619047619","Nacalpha","44.93478260869565","0","46","Human","0","0.9827656198103111","false","0","Nacalpha","19422","0.23649885583524027",""
"3.7113702623906706","0.0","0.2694422623723488","0.0","1",,"6","false","Cluster 5","","Unclustered","0.0","Lsp1gamma","6.0","0","1",,"0","0.9656788574380928","false","0","Lsp1gamma","0","0.0",""
"2.5306122448979593","0.0019482091550497135","0.3951612903225806","0.7832980972515856","44","44","5","false","","Cluster 1","Clustered","29.238095238095237","Akr1B","42.95454545454545","0","44","Human","0","0.980625161456988","false","0","Akr1B","4658","0.3024967989756722",""
"2.705539358600583","4.59829483027224E-4","0.36961206896551724","0.8746438746438746","27","27","5","false","","Cluster 1","Clustered","22.923333333333336","Acaa","46.2962962962963","0","27","Human","0","0.9784108941949292","false","0","Acaa","1402","0.41335978835978837",""
"2.183673469387755","0.019134983656604806","0.45794392523364486","0.41843971631205673","48","48","5","false","","Cluster 2","Clustered","17.905263157894737","Argk1","32.104166666666664","0","48",,"0","0.9850167915267373","false","0","Argk1","29582","0.12893239625167335","Female"
"2.8862973760932946","0.002800249133893144","0.3464646464646464","0.34615384615384615","13",,"6","false","","Cluster 7","Clustered","2.6666666666666665","Tsc1","20.76923076923077","0","13","Human","0","0.9761228180241355","false","0","Tsc1","5630","0.20361990950226244",""
"2.574344023323615","5.944366699402056E-4","0.3884484711211778","0.8638655462184874","35","35","5","false","","Cluster 1","Clustered","26.651612903225807","Stip1","45.94285714285714","0","35","Human","0","0.9800715946414732","false","0","Stip1","2076","0.3403174603174603",""
"2.139941690962099","0.019410628332750698","0.4673024523160763","0.4576923076923077","40","40","5","false","","Cluster 2","Clustered","17.905263157894737","wupA","33.675","0","40","Human","0","0.9855703583422518","false","0","wupA","29842","0.12746212121212122",""
